,recommend,not_recommend
Plain Dosa,0.05,-0.1
Vegetable Khichdi (1 plate),0.05,-0.1
Sprouts Salad (1 bowl),0,-0.1
Aloo Paratha (1 pc),0.19,0
1 Plain Roti + Dal Tadka,0,-0.1
Idli with Sambar,0.05,-0.1
1 Roti + Palak Paneer,0,-0.1
Curd Rice,0,-0.1
Oats Porridge with Milk,0.1,0
Poha,0.1,0
Boiled Moong Dal Chilla (2 pcs),0.15,0
Egg Bhurji + 1 Roti,0.05,0
Paneer Paratha (1 pc),0.05,0
"Vegetable Sandwich (Grilled, 2 slices)",0.15,0
Egg Omelette (2 eggs) + 1 Toast,0.05,0
Sabudana Khichdi (1 bowl),0.15,0
Besan Chilla (2 pcs),0.05,0
Omelette Cheese Sandwich,0.05,0
Rava Dhokla (1 plate),0.05,0
Chicken Sausage Roll,0.05,0
Methi Thepla (2 pc),0.05,0
Masala Dosa,0.05,0
Upma (1 bowl),0.05,0
Poha (1 bowl),0.15,0
Curd Rice (1 plate),0.05,0
Tomato Rice (1 plate),0.05,0
Veg Pulao (1 plate),0.05,0
1 Plain Roti + 1 serving of Dal Tadka,0.05,0
Brown Rice (100g) + Dal Tadka,0.05,0
Basmati Rice (100g) + Dal Tadka,0.05,0
Brown Rice (100g) + Sambar,0.05,-0.1
White Rice (100g) + Dal Tadka,0.05,0
Basmati Rice (100g) + Sambar,0.05,0
White Rice (100g) + Sambhar,0.05,0
1 Plain Roti + Palak Paneer,0.05,0
1 Butter Naan + Dal Tadka,0.05,-0.1
1 Poori + Dal Tadka,0.05,-0.1
Brown Rice (100g) + Palak Paneer,0.05,0
Basmati Rice (100g) + Palak Paneer,0.05,0
White Rice (100g) + Palak Paneer,0.05,0
1 Butter Naan + Palak Paneer,0.05,0
1 Poori + Rajma,0.05,0
Jeera Rice + Dal Tadka,0.05,-0.19
Chicken Biryani (1 plate),0.05,0
Jeera Rice + Sambar,0.15,-0.1
Jeera Rice + Palak Paneer,0.05,0
1 Plain Roti + Butter Chicken,0.05,0
Brown Rice (100g) + Chicken Curry,0.05,0
Basmati Rice (100g) + Chicken Curry,0.05,0
White Rice (100g) + Chicken Curry,0.05,0
1 Butter Naan + Butter Chicken,0.05,0
1 Poori + Butter Chicken,0.05,0
Jeera Rice + Chicken Curry,0.05,0
